{
  "id": "com.example.messaging",
  "version": "0.0.1",
  "name": "Messaging",
  "icon": "",
  "permissions": [
    {
      "permission": "customer_read",
      "purpose": "Allows the app to access the customer."
    },
    {
      "permission": "user_email_read",
      "purpose": "Allows the app to access the dashboard user email."
    }
  ],
  "ui_extension": {
    "views": [
      {
        "viewport": "stripe.dashboard.customer.detail",
        "component": "Messaging"
      }
    ],
    "actions": [],
    "content_security_policy": {
      "connect-src": null,
      "purpose": ""
    }
  }
}