{
  "id": "com.example.linking-different-stripe-object",
  "version": "0.0.1",
  "name": "Linking Different Stripe Object Example",
  "icon": "",
  "permissions": [
    {
      "permission": "customer_read",
      "purpose": "Allows the home page to read the list of customers"
    }
  ],
  "ui_extension": {
    "views": [
      {
        "viewport": "stripe.dashboard.customer.detail",
        "component": "CustomerView"
      },
      {
        "viewport": "stripe.dashboard.drawer.default",
        "component": "AppView"
      }
    ],
    "actions": [],
    "content_security_policy": {
      "connect-src": null,
      "image-src": null,
      "purpose": ""
    }
  }
}